{"root":[{"assemblyName":"Unity.Services.Core.Internal","nameSpace":"Unity.Services.Core.Internal","className":"TaskAsyncOperation","methodName":"SetScheduler","loadTypes":1,"isUnityClass":true},{"assemblyName":"Unity.Services.Core.Internal","nameSpace":"Unity.Services.Core.Internal","className":"UnityServicesInitializer","methodName":"CreateStaticInstance","loadTypes":2,"isUnityClass":true},{"assemblyName":"Unity.Services.Core.Internal","nameSpace":"Unity.Services.Core.Internal","className":"UnityServicesInitializer","methodName":"EnableServicesInitializationAsync","loadTypes":0,"isUnityClass":true},{"assemblyName":"Unity.Services.Core.Registration","nameSpace":"Unity.Services.Core.Registration","className":"CorePackageInitializer","methodName":"Register","loadTypes":1,"isUnityClass":true},{"assemblyName":"Assembly-ComponentSaveSystem","nameSpace":"Lowscope.Saving","className":"SaveMaster","methodName":"CreateInstance","loadTypes":1,"isUnityClass":false},{"assemblyName":"Assembly-ComponentSaveSystem","nameSpace":"Lowscope.Saving.Core","className":"SaveFileUtility","methodName":"ResetVariable","loadTypes":1,"isUnityClass":false},{"assemblyName":"Assembly-ComponentSaveSystem","nameSpace":"Lowscope.Saving.Components","className":"Saveable","methodName":"ResetVariables","loadTypes":1,"isUnityClass":false},{"assemblyName":"Unity.Services.Core","nameSpace":"Unity.Services.Core","className":"UnityThreadUtils","methodName":"CaptureUnityThreadInfo","loadTypes":4,"isUnityClass":true}]}
